{
  "waypoints": [
    [
      0,
      0.25,
      1,
      3.5,
      5.5
    ],
    [
      0,
      0,
      0,
      0,
      0
    ],
    [
      0,
      -0.5,
      -0.8,
      -1.05,
      -1
    ]
  ],
  "waypoint_times": [
    0,
    0.75,
    1.2,
    2.2,
    4.2
  ],
  "piecewise_polynomial_coefficients": [
    [
      -0.55159687602758378,
      1.634248092179851,
      -2.3399524764550068,
      1.8585281943543668,
      0,
      0,
      0,
      0
    ],
    [
      0,
      0,
      0,
      0,
      0,
      0,
      0,
      0
    ],
    [
      12.240834152804492,
      -36.29296442557785,
      38.961711752822275,
      -15.550840147023827,
      0,
      0,
      0,
      0
    ],
    [
      -0.66900652710450048,
      1.1327809772997637,
      -0.28366675729464547,
      -0.70083143427777528,
      0.093815713824926761,
      1.4083257920197945,
      1.0740700310480753,
      0.25
    ],
    [
      0,
      0,
      0,
      0,
      0,
      0,
      0,
      0
    ],
    [
      11.130742550318756,
      -20.13960963144142,
      15.352538269559574,
      -7.1181965654125188,
      1.8428959183688065,
      0.63677812258885869,
      -1.0281022427121291,
      -0.5
    ],
    [
      -0.053242382206815424,
      0.16408553125560288,
      -0.18511505849272017,
      0.17808571526524411,
      -0.6377834318401332,
      0.86249588758270967,
      2.171473738436124,
      1
    ],
    [
      0,
      0,
      0,
      0,
      0,
      0,
      0,
      0
    ],
    [
      0.007388261968618139,
      -0.050083050869606793,
      -0.014748763362655789,
      0.391285015539871,
      -0.61035604717819236,
      0.39159488240996965,
      -0.36508029850801021,
      -0.8
    ],
    [
      -0.024044448655470119,
      0.14692439166539017,
      -0.31476098093153682,
      0.36322396571193716,
      -0.35836390783307304,
      -0.4902977587826764,
      2.3816992987643593,
      3.5
    ],
    [
      0,
      0,
      0,
      0,
      0,
      0,
      0,
      0
    ],
    [
      -0.0098324276781266429,
      0.059845117434859985,
      -0.10236026368592288,
      -0.00485915940675774,
      0.064224532864283951,
      0.16465693878500057,
      -0.17034290131372484,
      -1.05
    ]
  ]
}