{
    "waypoints": [
      [
        0,
        0.25,
        1,
        3.5,
        5.5
      ],
      [
        0,
        0,
        0,
        0,
        0
      ],
      [
        0,
        -0.5,
        -0.8,
        -1.05,
        -1
      ]
    ],
    "waypoint_times": [
      0,
      0.57000000000000006,
      0.91199999999999992,
      1.6720000000000002,
      3.192
    ],
    "piecewise_polynomial_coefficients": [
      [
        -3.7664018287098253,
        8.48079241422018,
        -9.2286691303614568,
        5.5707643122709207,
        0,
        0,
        0,
        0
      ],
      [
        0,
        0,
        0,
        0,
        0,
        0,
        0,
        0
      ],
      [
        83.582598324960472,
        -188.33927284684191,
        153.66326885013521,
        -46.612187847194093,
        0,
        0,
        0,
        0
      ],
      [
        -4.5680958664227136,
        5.87847119005118,
        -1.1187691538812143,
        -2.1006766287235492,
        0.21371490417493882,
        2.4382371745552733,
        1.41325004085441,
        0.25
      ],
      [
        0,
        0,
        0,
        0,
        0,
        0,
        0,
        0
      ],
      [
        76.0026949195652,
        -104.51280278560181,
        60.549732277093121,
        -21.336127971636468,
        4.198170101290998,
        1.1024551983858031,
        -1.3527661088326135,
        -0.5
      ],
      [
        -0.36354847928953327,
        0.85150800142771621,
        -0.7300856065900494,
        0.53379526295787183,
        -1.4528890687033578,
        1.4932408026196691,
        2.8572022874159972,
        1
      ],
      [
        0,
        0,
        0,
        0,
        0,
        0,
        0,
        0
      ],
      [
        0.05044837010910392,
        -0.25990176129993692,
        -0.058168470902209148,
        1.1728402115135004,
        -1.3904086947318559,
        0.67796897923560973,
        -0.48036881382591451,
        -0.8
      ],
      [
        -0.16417978291712387,
        0.76245171834165681,
        -1.2414033947919139,
        1.0887298409784094,
        -0.8163633269872923,
        -0.84885346050014743,
        3.13381486679242,
        3.5
      ],
      [
        0,
        0,
        0,
        0,
        0,
        0,
        0,
        0
      ],
      [
        -0.067137569459575275,
        0.31056118119557929,
        -0.403704355141727,
        -0.014564875520193254,
        0.14630533984198241,
        0.28507087739824505,
        -0.22413539646462985,
        -1.05
      ]
    ]
  }