{
    "waypoints": [
      [
        0,
        0.25,
        1,
        3.5,
        5.5
      ],
      [
        0,
        0,
        0,
        0,
        0
      ],
      [
        0,
        -0.5,
        -0.8,
        -1.05,
        -1
      ]
    ],
    "waypoint_times": [
      0,
      0.54,
      0.864,
      1.584,
      3.024
    ],
    "piecewise_polynomial_coefficients": [
      [
        -5.4991342587572287,
        11.73067514361016,
        -12.093292436919509,
        6.9157481321665628,
        0,
        0,
        0,
        0
      ],
      [
        0,
        0,
        0,
        0,
        0,
        0,
        0,
        0
      ],
      [
        122.03475647549965,
        -260.5118388597412,
        201.36108694455081,
        -57.8660544545866,
        0,
        0,
        0,
        0
      ],
      [
        -6.6696474546511357,
        8.1311311757065123,
        -1.4660404685940958,
        -2.6078558832473462,
        0.25134954188508285,
        2.7166778395633342,
        1.4917639320151723,
        0.25
      ],
      [
        0,
        0,
        0,
        0,
        0,
        0,
        0,
        0
      ],
      [
        110.96771996257746,
        -144.56263966126076,
        79.344660539668752,
        -26.487440302955729,
        4.9374569143351978,
        1.2283528599242546,
        -1.427919781546386,
        -0.5
      ],
      [
        -0.53079888666899755,
        1.1778101926756557,
        -0.95670769195363814,
        0.66267272942230437,
        -1.7087390468964392,
        1.663765215237452,
        3.0159357478217714,
        1
      ],
      [
        0,
        0,
        0,
        0,
        0,
        0,
        0,
        0
      ],
      [
        0.073657132944801848,
        -0.35949743624023639,
        -0.076224244363443661,
        1.4560062225532142,
        -1.6352560421046096,
        0.75539136267918883,
        -0.50705597014695025,
        -0.8
      ],
      [
        -0.23971066019141085,
        1.054627089542616,
        -1.6267409821225014,
        1.3515885687667657,
        -0.960122781187415,
        -0.94579042974161764,
        3.3079156927375628,
        3.5
      ],
      [
        0,
        0,
        0,
        0,
        0,
        0,
        0,
        0
      ],
      [
        -0.098024195273140879,
        0.42956980332260031,
        -0.52901612966864775,
        -0.01808136280459216,
        0.17206932887806486,
        0.31762526771805777,
        -0.23658736293878116,
        -1.05
      ]
    ]
  }