{
  "waypoints": [
    [
      0,
      0.25,
      1,
      3.5,
      5.5
    ],
    [
      0,
      0,
      0,
      0,
      0
    ],
    [
      0,
      -0.5,
      -0.8,
      -1.05,
      -1
    ]
  ],
  "waypoint_times": [
    0,
    0.60000000000000009,
    0.96,
    1.7600000000000002,
    3.3600000000000003
  ],
  "piecewise_polynomial_coefficients": [
    [
      -2.6302188676495457,
      6.23416172711952,
      -7.1409682499376013,
      4.5374223492908392,
      0,
      0,
      0,
      0
    ],
    [
      0,
      0,
      0,
      0,
      0,
      0,
      0,
      0
    ],
    [
      58.368845714256942,
      -138.44667215502832,
      118.90170822963591,
      -37.965918327608854,
      0,
      0,
      0,
      0
    ],
    [
      -3.1900717217920742,
      4.3212165097722783,
      -0.8656822493858628,
      -1.7110142423569406,
      0.18323381602057592,
      2.2005090500063309,
      1.3425875388092054,
      0.25
    ],
    [
      0,
      0,
      0,
      0,
      0,
      0,
      0,
      0
    ],
    [
      53.0755164681282,
      -76.826513797568779,
      46.852228608766055,
      -17.378409584171628,
      3.599406090575278,
      0.99496581655644567,
      -1.2851278033893838,
      -0.5
    ],
    [
      -0.25387946169528874,
      0.62593662574419762,
      -0.56492632428023637,
      0.43477957767753073,
      -1.2456707653537231,
      1.3476498243866759,
      2.7143421730541326,
      1
    ],
    [
      0,
      0,
      0,
      0,
      0,
      0,
      0,
      0
    ],
    [
      0.035229978317456383,
      -0.19105167692133346,
      -0.045009654119369032,
      0.95528568257017776,
      -1.1921016546121459,
      0.61186700374996339,
      -0.45635037313930971,
      -0.8
    ],
    [
      -0.11465286566886079,
      0.56047207510160257,
      -0.9605742825267134,
      0.88677725991299816,
      -0.69992950742199744,
      -0.76609024809753046,
      2.9771241234479,
      3.5
    ],
    [
      0,
      0,
      0,
      0,
      0,
      0,
      0,
      0
    ],
    [
      -0.046884668722283585,
      0.22829100583879125,
      -0.31237873439807196,
      -0.011863182127163974,
      0.1254385407332621,
      0.25727646685092387,
      -0.21292862663652892,
      -1.05
    ]
  ]
}