{
    "waypoints": [
      [
        0,
        0.1,
        0.2,
        1,
        5.5
      ],
      [
        0,
        0,
        0,
        0,
        0
      ],
      [
        0,
        -0.5,
        -0.8,
        -1.05,
        -1
      ]
    ],
    "waypoint_times": [
      0,
      0.84000000000000008,
      1.288,
      2.408,
      4.6480000000000006
    ],
    "piecewise_polynomial_coefficients": [
      [
        -0.69967167325481983,
        2.31663365321158,
        -2.8697263657420859,
        1.3915067373268279,
        0,
        0,
        0,
        0
      ],
      [
        0,
        0,
        0,
        0,
        0,
        0,
        0,
        0
      ],
      [
        5.4668478597992429,
        -18.131069786710473,
        21.787877200387342,
        -9.7530320826406083,
        0,
        0,
        0,
        0
      ],
      [
        -1.8948873835080178,
        3.0246885796639185,
        -1.5992029885852277,
        0.49569322072930677,
        -0.30389300648560891,
        0.038051137734823368,
        0.24774378275257547,
        0.1
      ],
      [
        0,
        0,
        0,
        0,
        0,
        0,
        0,
        0
      ],
      [
        8.24101544718599,
        -14.856613714107635,
        11.095855284802967,
        -4.9266343334892557,
        1.3004662515087597,
        0.45539976954022338,
        -0.93717347738798251,
        -0.5
      ],
      [
        -0.16232109209245471,
        0.55851719355292317,
        -0.89739645860056139,
        0.87015335468828836,
        0.14249484847838961,
        -0.10188607444471023,
        0.17531539151416362,
        0.2
      ],
      [
        0,
        0,
        0,
        0,
        0,
        0,
        0,
        0
      ],
      [
        0.0056945111145232921,
        -0.032614904416092834,
        0.020465210075005295,
        0.15819748394735389,
        -0.3562139736483963,
        0.39363409242699277,
        -0.42546948934745671,
        -0.8
      ],
      [
        -0.074064012834176712,
        0.50686379230179712,
        -1.0659539069512851,
        0.58854677189226434,
        -0.46216875815899239,
        1.493439201707941,
        1.9760223506183998,
        1
      ],
      [
        0,
        0,
        0,
        0,
        0,
        0,
        0,
        0
      ],
      [
        -0.0030071018594508836,
        0.020467899680122192,
        -0.040041902036072274,
        0.005753970089519278,
        0.0064093229419789882,
        0.11588055825714366,
        -0.1003891744827068,
        -1.05
      ]
    ]
  }