{
    "waypoints": [
      [
        0,
        0.1,
        0.2,
        1,
        5.5
      ],
      [
        0,
        0,
        0,
        0,
        0
      ],
      [
        0,
        -0.5,
        -0.8,
        -1.05,
        -1
      ]
    ],
    "waypoint_times": [
      0,
      0.89999999999999991,
      1.38,
      2.5799999999999996,
      4.98
    ],
    "piecewise_polynomial_coefficients": [
      [
        -0.43166986139648766,
        1.5313625450866348,
        -2.0324710622459046,
        1.0559234137350504,
        0,
        0,
        0,
        0
      ],
      [
        0,
        0,
        0,
        0,
        0,
        0,
        0,
        0
      ],
      [
        3.3728297831370915,
        -11.985166983898676,
        15.431168088647004,
        -7.400937886110678,
        0,
        0,
        0,
        0
      ],
      [
        -1.1690708727245369,
        1.9994075420683006,
        -1.1326284740572827,
        0.376149150743093,
        -0.24707626956070355,
        0.033146768873591317,
        0.23122753057009532,
        0.1
      ],
      [
        0,
        0,
        0,
        0,
        0,
        0,
        0,
        0
      ],
      [
        5.084381904233723,
        -9.8206558247703732,
        7.8585906447028,
        -3.7385004350148558,
        1.0573272278680506,
        0.39670379923694471,
        -0.87469524556514033,
        -0.5
      ],
      [
        -0.10014571977150305,
        0.36919618678434307,
        -0.63557709025615283,
        0.66030244487589074,
        0.1158535894200777,
        -0.088754091521671,
        0.16362769874435251,
        0.2
      ],
      [
        0,
        0,
        0,
        0,
        0,
        0,
        0,
        0
      ],
      [
        0.0035132890389068991,
        -0.021559404923760007,
        0.014494394882340228,
        0.12004571942632634,
        -0.28961515373546953,
        0.34289903164111052,
        -0.39710485671794921,
        -0.8
      ],
      [
        -0.045694578439762087,
        0.33505177909059258,
        -0.7549571608824398,
        0.44660963532312947,
        -0.37576031773386254,
        1.3009514823738988,
        1.8442875272454218,
        1
      ],
      [
        0,
        0,
        0,
        0,
        0,
        0,
        0,
        0
      ],
      [
        -0.0018552633937164512,
        0.013529879835030234,
        -0.028359500802406679,
        0.0043663114050227492,
        0.0052110169390805665,
        0.1009448418621294,
        -0.093696562858192972,
        -1.05
      ]
    ]
  }