{
    "waypoints": [
      [
        0,
        0.1,
        0.2,
        1,
        5.5
      ],
      [
        0,
        0,
        0,
        0,
        0
      ],
      [
        0,
        -0.5,
        -0.8,
        -1.05,
        -1
      ]
    ],
    "waypoint_times": [
      0,
      0.81,
      1.242,
      2.322,
      4.4820000000000011
    ],
    "piecewise_polynomial_coefficients": [
      [
        -0.90251444533036573,
        2.8815287964589587,
        -3.4420075907806136,
        1.6093940157705746,
        0,
        0,
        0,
        0
      ],
      [
        0,
        0,
        0,
        0,
        0,
        0,
        0,
        0
      ],
      [
        7.05174920257443,
        -22.552206141412665,
        26.132818656966592,
        -11.280197966998381,
        0,
        0,
        0,
        0
      ],
      [
        -2.4442367760547437,
        3.7622380324425246,
        -1.9181162662887319,
        0.57331070071082457,
        -0.33892492394811913,
        0.040921936881565063,
        0.25691947841057017,
        0.1
      ],
      [
        0,
        0,
        0,
        0,
        0,
        0,
        0,
        0
      ],
      [
        10.630179506750185,
        -18.479296525907806,
        13.308592261856177,
        -5.6980649824446745,
        1.4503802851310887,
        0.48975777683379634,
        -0.97188360618153036,
        -0.5
      ],
      [
        -0.20937982198374067,
        0.6947077602344891,
        -1.0763553833049204,
        1.0064051896044,
        0.15892124747071823,
        -0.1095729524906382,
        0.18180855416196168,
        0.2
      ],
      [
        0,
        0,
        0,
        0,
        0,
        0,
        0,
        0
      ],
      [
        0.007345414611489169,
        -0.040567823930964642,
        0.024546384991114625,
        0.18296863194218219,
        -0.39727730275041,
        0.42333213781073414,
        -0.44122761858039367,
        -0.8
      ],
      [
        -0.095536012129384756,
        0.63045903325385255,
        -1.2785265811205746,
        0.68070360513611361,
        -0.51544625204429362,
        1.6061129412060566,
        2.0492083636051004,
        1
      ],
      [
        0,
        0,
        0,
        0,
        0,
        0,
        0,
        0
      ],
      [
        -0.0038788948739515439,
        0.025458855892831256,
        -0.048027063628686806,
        0.00665494803876876,
        0.00714817137633999,
        0.12462326155591549,
        -0.10410729205734405,
        -1.05
      ]
    ]
  }