
{
    "waypoints": [
      [
        0,
        0.1,
        0.2,
        1,
        5.5
      ],
      [
        0,
        0,
        0,
        0,
        0
      ],
      [
        0,
        -0.5,
        -0.8,
        -1.05,
        -1
      ]
    ],
    "waypoint_times": [
      0,
      0.86999999999999988,
      1.3339999999999999,
      2.4939999999999998,
      4.814
    ],
    "piecewise_polynomial_coefficients": [
      [
        -0.54728623554731637,
        1.876798128060883,
        -2.4079122438790566,
        1.2092760375768026,
        0,
        0,
        0,
        0
      ],
      [
        0,
        0,
        0,
        0,
        0,
        0,
        0,
        0
      ],
      [
        4.27619224834589,
        -14.688709105445215,
        18.281637199166695,
        -8.4757821682995154,
        0,
        0,
        0,
        0
      ],
      [
        -1.4821891778514193,
        2.4504219094426838,
        -1.3418493481803193,
        0.43077760050388064,
        -0.27352738028717283,
        0.035472166452173715,
        0.23920089369206596,
        0.1
      ],
      [
        0,
        0,
        0,
        0,
        0,
        0,
        0,
        0
      ],
      [
        6.4461582359882641,
        -12.03594049368518,
        9.3102415986344109,
        -4.2814459207051847,
        1.1705209377765471,
        0.42453438681715966,
        -0.9048571505808124,
        -0.5
      ],
      [
        -0.12696826645154907,
        0.452477249412297,
        -0.7529818682284628,
        0.75619871078001522,
        0.12825646455666104,
        -0.09498059734494016,
        0.16927003318554679,
        0.2
      ],
      [
        0,
        0,
        0,
        0,
        0,
        0,
        0,
        0
      ],
      [
        0.0044542714334682822,
        -0.026422646242656795,
        0.017171821802572564,
        0.13748005774856151,
        -0.32062032679151137,
        0.3669549684521678,
        -0.4107981276451394,
        -0.8
      ],
      [
        -0.057933193988033427,
        0.41063075090404921,
        -0.8944140091566164,
        0.51147111913819721,
        -0.41598788711798329,
        1.3922191844687923,
        1.9078836488737769,
        1
      ],
      [
        0,
        0,
        0,
        0,
        0,
        0,
        0,
        0
      ],
      [
        -0.00235216819481298,
        0.016581869020650064,
        -0.03359811142086877,
        0.0050004343950424968,
        0.0057688899601567216,
        0.10802658463054431,
        -0.0969274788125549,
        -1.05
      ]
    ]
  }