{
    "waypoints": [
      [
        0,
        0.1,
        0.2,
        1,
        5.5
      ],
      [
        0,
        0,
        0,
        0,
        0
      ],
      [
        0,
        -0.5,
        -0.8,
        -1.05,
        -1
      ]
    ],
    "waypoint_times": [
      0,
      0.75,
      1.15,
      2.15,
      4.15
    ],
    "piecewise_polynomial_coefficients": [
      [
        -1.5467511593573069,
        4.5726240580133668,
        -5.0574383937870344,
        2.1895627907776793,
        0,
        0,
        0,
        0
      ],
      [
        0,
        0,
        0,
        0,
        0,
        0,
        0,
        0
      ],
      [
        12.085458920813842,
        -35.787516851849709,
        38.397684178910367,
        -15.346584800815917,
        0,
        0,
        0,
        0
      ],
      [
        -4.1889923044867388,
        5.9701989293015547,
        -2.8183420840892328,
        0.7799828788318155,
        -0.42694779377026926,
        0.047731347179917227,
        0.27747303668185369,
        0.1
      ],
      [
        0,
        0,
        0,
        0,
        0,
        0,
        0,
        0
      ],
      [
        18.2182596182343,
        -29.324321160688246,
        19.554688271964476,
        -7.7521545016749913,
        1.8270614496727293,
        0.571253470895053,
        -1.0496342946715751,
        -0.5
      ],
      [
        -0.35884022029327578,
        1.1024139066153271,
        -1.5815191852429118,
        1.369203149708935,
        0.20019500250418745,
        -0.12780589178790427,
        0.19635323849563455,
        0.2
      ],
      [
        0,
        0,
        0,
        0,
        0,
        0,
        0,
        0
      ],
      [
        0.012588749830969094,
        -0.064376038157629864,
        0.036066692688533221,
        0.24892680376356963,
        -0.50045498560865032,
        0.49377460555191394,
        -0.47652582806872368,
        -0.8
      ],
      [
        -0.16373193612969109,
        1.0004592515378739,
        -1.8785750025720556,
        0.92608973981210285,
        -0.64931382904723389,
        1.8733701346203386,
        2.2131450326926392,
        1
      ],
      [
        0,
        0,
        0,
        0,
        0,
        0,
        0,
        0
      ],
      [
        -0.0066477441710529328,
        0.040400004707998649,
        -0.070567513035798335,
        0.009053983334906146,
        0.0090046372625301272,
        0.14536057227881952,
        -0.11243587542280477,
        -1.05
      ]
    ]
  }