{
    "waypoints": [
      [
        0,
        0.1,
        0.2,
        1,
        5.5
      ],
      [
        0,
        0,
        0,
        0,
        0
      ],
      [
        0,
        -0.5,
        -0.8,
        -1.05,
        -1
      ]
    ],
    "waypoint_times": [
      0,
      0.78,
      1.196,
      2.2359999999999998,
      4.3160000000000007
    ],
    "piecewise_polynomial_coefficients": [
      [
        -1.1754037585684682,
        3.61381121371176,
        -4.1568457065921285,
        1.871647450073842,
        0,
        0,
        0,
        0
      ],
      [
        0,
        0,
        0,
        0,
        0,
        0,
        0,
        0
      ],
      [
        9.1839555145807115,
        -28.283394407675011,
        31.560097463316268,
        -13.118325005702692,
        0,
        0,
        0,
        0
      ],
      [
        -3.1832898714923279,
        4.7183349352467054,
        -2.3164717550053422,
        0.666732633753372,
        -0.37955503399704488,
        0.044130313589353987,
        0.26680099680895375,
        0.1
      ],
      [
        0,
        0,
        0,
        0,
        0,
        0,
        0,
        0
      ],
      [
        13.844380008904421,
        -23.175436969725414,
        16.07252835460908,
        -6.6265741574627794,
        1.6242509758037484,
        0.52815594572719815,
        -1.0092637448755979,
        -0.5
      ],
      [
        -0.27268907550088328,
        0.87125372378649191,
        -1.2998934882339148,
        1.1704005907526613,
        0.17797262824372298,
        -0.11816373130971718,
        0.18880119086249106,
        0.2
      ],
      [
        0,
        0,
        0,
        0,
        0,
        0,
        0,
        0
      ],
      [
        0.00956641525630636,
        -0.050877318120527468,
        0.029644192456763582,
        0.21278367505691642,
        -0.44490265986689992,
        0.45652237939378143,
        -0.45819791160611578,
        -0.8
      ],
      [
        -0.12442281485540228,
        0.79067747889441065,
        -1.5440517167021595,
        0.79162539086825279,
        -0.57723762965770486,
        1.7320359972447421,
        2.1280240698939052,
        1
      ],
      [
        0,
        0,
        0,
        0,
        0,
        0,
        0,
        0
      ],
      [
        -0.0050517392130034061,
        0.031928710558813855,
        -0.058001351816531876,
        0.0077393828953966626,
        0.0080050897390459477,
        0.13439402022805089,
        -0.10811141867476694,
        -1.05
      ]
    ]
  }